Departamentos,Nombre,Cuenta,Password
Comercial,JAVIER CAMPOS VARGAS,jcamposv,xDshw-t45Hl
Comercial,ANGI FILE MON,afilem,xDshw-t45Hl
Comercial,EVA GARCIA ALAVES,egarciaa,xDshw-t45Hl
Comercial,EVA MONCHO CARVALHO,emonchoc,xDshw-t45Hl
Comercial,MERE PANTERA ROSA,mpanterar,xDshw-t45Hl
Comercial,JUAN RIGOBERTO PICAPORTE,jrigobertop,xDshw-t45Hl
Comercial,ANA RUE PERCEBE,aruep,xDshw-t45Hl
Comercial,JOSE SHIN CHAN,jshinc,xDshw-t45Hl
Comptabilitat,ANTONIO ALABAU,aalabauv,xDshw-t45Hl
Comptabilitat,JOHANN ALBA VALENCIA,jalbac,xDshw-t45Hl
Comptabilitat,VICOR NANO UCHE,vnanou,xDshw-t45Hl
Comptabilitat,PEDRO PULGAR CITO,ppulgarc,xDshw-t45Hl
Comptabilitat,MARIA SEGIS OLIVIO,msegiso,xDshw-t45Hl
Comptabilitat,TONI TIN TIN,ttint,xDshw-t45Hl
Comptabilitat,SUSANA VALENCIA MONCHO,svalenciam,xDshw-t45Hl
Comptabilitat,TUSO ZIPI ZAPEL,tzipiz,xDshw-t45Hl
Informatica,RODRIGO CHAVES CAMPOS,rchavesc,xDshw-t45Hl
Informatica,JESU COMI CLANDIA,jcomic,xDshw-t45Hl
Informatica,ISA GOTERA OTILIO,igoterao,xDshw-t45Hl
Informatica,MANU TOM JERRY,mtomj,xDshw-t45Hl
Personal,XIMO ABEJA MAYA,xabejam,xDshw-t45Hl
Personal,PIEDAD ALBA GOMIS,palbag,xDshw-t45Hl
Personal,MANUEL CARVALHO VALENCIA,mcarvalhov,xDshw-t45Hl
Personal,PEDRO CHAVES ALABAU,pchavesa,xDshw-t45Hl
Personal,EVA DORO TEO,edorot,xDshw-t45Hl
Personal,CLAUDIO GOMIS CAMPOS,cgomisc,xDshw-t45Hl
Personal,TORPE MORTA DELO,tmortad,xDshw-t45Hl
Personal,GARGAMEL ROMPE TECHOS,grompet,xDshw-t45Hl
Personal,EUSEBIO UNOS FLAN,eunosf,xDshw-t45Hl
